End of Period,Credit Number,Region,Country Code,Country,Borrower,Credit Status,Service Charge Rate,Currency of Commitment,Project ID,Project Name,Original Principal Amount,Cancelled Amount,Undisbursed Amount,Disbursed Amount,Repaid to IDA,Due to IDA,Exchange Adjustment,Borrower's Obligation,Sold 3rd Party,Repaid 3rd Party,Due 3rd Party,Credits Held,First Repayment Date,Last Repayment Date,Agreement Signing Date,Board Approval Date,Effective Date (Most Recent),Closed Date (Most Recent),Last Disbursement Date
06/30/2021,IDA01660,SOUTH ASIA,NP,Nepal,Ministry of Finance,Fully Repaid,0.75,USD,P010061,TELECOMMUNICATIONS,1781585.20,6297.39,0.00,1775287.81,1775287.81,0.00,0.00,0.00,0.00,0.00,0.00,0.00,09/15/1979,03/15/2019,11/10/1969,11/04/1969,02/26/1970,09/30/1976,
06/30/2021,IDA02230,SOUTH ASIA,NP,Nepal,Ministry of Finance,Fully Repaid,0.75,USD,P010069,HIGHWAYS I,2511997.80,342913.51,0.00,2169084.29,2169084.29,0.00,0.00,0.00,0.00,0.00,0.00,0.00,03/15/1981,09/15/2020,12/21/1970,11/10/1970,02/03/1971,06/30/1977,
06/30/2021,IDA02910,SOUTH ASIA,NP,Nepal,Ministry of Finance,Repaying,0.75,USD,P010070,TOURISM/NIDC,4200000.00,1002085.80,0.00,3197914.20,3101976.78,95937.42,0.00,95937.42,0.00,0.00,0.00,95937.42,08/01/1982,02/01/2022,03/22/1972,03/14/1972,11/09/1972,12/31/1977,
06/30/2021,IDA03730,SOUTH ASIA,NP,Nepal,Ministry of Finance,Repaying,0.75,USD,P010072,IRRIGATION BIRGANJ I,6000000.00,41087.69,0.00,5958912.31,5690660.00,268252.31,0.00,268252.31,0.00,0.00,0.00,268252.31,05/01/1983,11/01/2022,04/18/1973,03/20/1973,07/09/1973,06/30/1981,
06/30/2021,IDA03970,SOUTH ASIA,NP,Nepal,Ministry of Finance,Repaying,0.75,USD,P010074,TELECOMMUNICATIONS I,5500000.00,0.00,0.00,5500000.00,5170000.00,330000.00,0.00,330000.00,0.00,0.00,0.00,330000.00,09/15/1983,03/15/2023,06/20/1973,04/26/1973,09/11/1973,12/31/1982,
06/30/2021,IDA04700,SOUTH ASIA,NP,Nepal,Ministry of Finance,Repaying,0.75,USD,P010079,WATER SUPPLY I,7800000.00,0.00,0.00,7800000.00,7215000.00,585000.00,0.00,585000.00,0.00,0.00,0.00,585000.00,05/15/1984,11/15/2023,05/08/1974,04/30/1974,06/26/1974,06/30/1983,
06/30/2021,IDA04701,SOUTH ASIA,NP,Nepal,Ministry of Finance,Repaying,0.75,USD,P010079,WATER SUPPLY I,4000000.00,1113495.64,0.00,2886504.36,2670808.00,215696.36,0.00,215696.36,0.00,0.00,0.00,215696.36,05/15/1984,11/15/2023,05/27/1977,05/03/1977,11/17/1977,06/30/1983,
06/30/2021,IDA05050,SOUTH ASIA,NP,Nepal,Ministry of Finance,Repaying,0.75,USD,P010082,AGRIC. SETTLEMENT I,6000000.00,3071717.93,0.00,2928282.07,2666000.00,262282.07,0.00,262282.07,0.00,0.00,0.00,262282.07,10/01/1984,04/01/2024,08/14/1974,06/13/1974,02/20/1975,07/15/1982,
06/30/2021,IDA06000,SOUTH ASIA,NP,Nepal,Ministry of Finance,Repaying,0.75,USD,P010091,KULEKHANI-POWER I,26000000.00,0.00,0.00,26000000.00,22490000.00,3510000.00,0.00,3510000.00,0.00,0.00,0.00,3510000.00,04/01/1986,10/01/2025,01/09/1976,12/23/1975,05/18/1976,12/31/1982,
06/30/2021,IDA06001,SOUTH ASIA,NP,Nepal,Ministry of Finance,Repaying,0.75,USD,P010091,KULEKHANI-POWER I,14800000.00,1932.86,0.00,14798067.14,12800067.14,1998000.00,0.00,1998000.00,0.00,0.00,0.00,1998000.00,04/01/1986,10/01/2025,06/18/1979,05/10/1979,01/21/1980,12/31/1983,
06/30/2021,IDA06170,SOUTH ASIA,NP,Nepal,Ministry of Finance,Repaying,0.75,USD,P010093,RURAL DEVT.I,8000000.00,0.00,0.00,8000000.00,6920000.00,1080000.00,0.00,1080000.00,0.00,0.00,0.00,1080000.00,06/15/1986,12/15/2025,04/30/1976,02/24/1976,07/15/1976,12/31/1983,
06/30/2021,IDA06540,SOUTH ASIA,NP,Nepal,Ministry of Finance,Repaying,0.75,USD,P010098,BHAIRAWA-LUMBINI GRO,9000000.00,0.00,0.00,9000000.00,7650000.00,1350000.00,0.00,1350000.00,0.00,0.00,0.00,1350000.00,09/15/1986,03/15/2026,07/09/1976,07/06/1976,11/16/1976,12/31/1982,
06/30/2021,IDA06590,SOUTH ASIA,NP,Nepal,Ministry of Finance,Repaying,0.75,USD,P010099,TECHNICAL ASSISTANCE,3000000.00,14095.43,0.00,2985904.57,2537980.00,447924.57,0.00,447924.57,0.00,0.00,0.00,447924.57,09/15/1986,03/15/2026,09/16/1976,09/07/1976,11/16/1976,06/30/1983,
06/30/2021,IDA07040,SOUTH ASIA,NP,Nepal,Ministry of Finance,Repaying,0.75,USD,P010108,WATER SUPPLY II,8000000.00,695861.79,0.00,7304138.21,5989376.00,1314762.21,0.00,1314762.21,0.00,0.00,0.00,1314762.21,09/15/1987,03/15/2027,05/27/1977,04/26/1977,02/28/1978,06/30/1985,
06/30/2021,IDA07050,SOUTH ASIA,NP,Nepal,Ministry of Finance,Repaying,0.75,USD,P010110,DFC-NIDC I,4000000.00,673405.44,0.00,3326594.56,2727744.00,598850.56,0.00,598850.56,0.00,0.00,0.00,598850.56,09/15/1987,03/15/2027,05/27/1977,05/03/1977,02/17/1978,12/31/1983,
06/30/2021,IDA07300,SOUTH ASIA,NP,Nepal,Ministry of Finance,Repaying,0.75,USD,P010112,HIGHWAYS II,17000000.00,0.00,0.00,17000000.00,13940000.00,3060000.00,0.00,3060000.00,0.00,0.00,0.00,3060000.00,08/15/1987,02/15/2027,10/19/1977,07/07/1977,12/23/1977,12/31/1984,
06/30/2021,IDA07720,SOUTH ASIA,NP,Nepal,Ministry of Finance,Repaying,0.75,USD,P010117,TECHNICAL EDUCATION,5700000.00,1013965.72,0.00,4686034.28,3772230.00,913804.28,0.00,913804.28,0.00,0.00,0.00,913804.28,05/15/1988,11/15/2027,04/14/1978,02/28/1978,07/11/1978,09/30/1985,
06/30/2021,IDA07990,SOUTH ASIA,NP,Nepal,Ministry of Finance,Repaying,0.75,USD,P010119,TELECOMMUNICATION II,14500000.00,0.00,0.00,14500000.00,11455000.00,3045000.00,0.00,3045000.00,0.00,0.00,0.00,3045000.00,09/15/1988,03/15/2028,08/22/1978,05/11/1978,02/27/1979,06/30/1985,
06/30/2021,IDA08120,SOUTH ASIA,NP,Nepal,Ministry of Finance,Repaying,0.75,USD,P010120,SUNSARI MORANG IRRIG,30000000.00,6704.10,0.00,29993295.90,23693295.90,6300000.00,0.00,6300000.00,0.00,0.00,0.00,6300000.00,11/01/1988,05/01/2028,07/07/1978,05/25/1978,11/30/1978,06/30/1987,
06/30/2021,IDA08560,SOUTH ASIA,NP,Nepal,Ministry of Finance,Repaying,0.75,USD,P010125,NARAYANI ZONE IRRIG.,14000000.00,0.00,0.00,14000000.00,11060000.00,2940000.00,0.00,2940000.00,0.00,0.00,0.00,2940000.00,11/15/1988,05/15/2028,11/27/1978,10/10/1978,01/08/1979,12/31/1986,
06/30/2021,IDA09390,SOUTH ASIA,NP,Nepal,Ministry of Finance,Repaying,0.75,USD,P010134,RURAL DEV II,11000000.00,4633468.35,0.00,6366531.65,4838508.00,1528023.65,0.00,1528023.65,0.00,0.00,0.00,1528023.65,09/15/1989,03/15/2029,08/09/1979,06/21/1979,01/15/1980,07/15/1988,01/27/1989 12:00:00 AM
06/30/2021,IDA10080,SOUTH ASIA,NP,Nepal,Ministry of Finance,Repaying,0.75,USD,P010141,FORESTRY I,17000000.00,0.00,0.00,17000000.00,12410000.00,4590000.00,0.00,4590000.00,0.00,0.00,0.00,4590000.00,07/15/1990,01/15/2030,05/22/1980,04/22/1980,09/19/1980,06/30/1989,01/06/1989 12:00:00 AM
06/30/2021,IDA10550,SOUTH ASIA,NP,Nepal,Ministry of Finance,Repaying,0.75,USD,P010147,IRRIG. V-MAHAKALI I,16000000.00,27042.98,0.00,15972957.02,11660228.00,4312729.02,0.00,4312729.02,0.00,0.00,0.00,4312729.02,12/15/1990,06/15/2030,09/29/1980,06/26/1980,02/27/1981,12/31/1988,07/17/1989 12:00:00 AM
06/30/2021,IDA10590,SOUTH ASIA,NP,Nepal,Ministry of Finance,Repaying,0.75,USD,P010148,WATER SUPPLY III,27000000.00,43968.82,0.00,26956031.18,19677880.00,7278151.18,0.00,7278151.18,0.00,0.00,0.00,7278151.18,12/15/1990,06/15/2030,09/29/1980,07/29/1980,08/27/1981,06/30/1988,02/14/1989 12:00:00 AM
06/30/2021,IDA10620,SOUTH ASIA,NP,Nepal,Ministry of Finance,Repaying,0.75,XDR,P010149,GRAIN STORAGE,6200000.00,1839677.08,0.00,3676268.53,3558251.30,1300127.44,0.00,1300127.44,0.00,0.00,0.00,1300127.44,12/15/1990,06/15/2030,01/14/1981,08/26/1980,07/31/1981,09/30/1985,
06/30/2021,IDA10930,SOUTH ASIA,NP,Nepal,Ministry of Finance,Repaying,0.75,XDR,P010152,IRRIGATION VI (BABAI,3500000.00,27601.39,0.00,3068269.77,2873221.01,1129369.30,0.00,1129369.30,0.00,0.00,0.00,1129369.30,06/01/1991,12/01/2030,03/26/1981,01/06/1981,06/05/1981,03/31/1986,
06/30/2021,IDA11000,SOUTH ASIA,NP,Nepal,Ministry of Finance,Repaying,0.75,XDR,P010154,EXT & RESEARCH,17500000.00,3195520.68,0.00,13058936.56,11667300.16,4585744.44,0.00,4585744.44,0.00,0.00,0.00,4585744.44,06/01/1991,12/01/2030,04/06/1981,02/03/1981,07/08/1981,07/15/1990,01/02/1991 12:00:00 AM
06/30/2021,IDA11010,SOUTH ASIA,NP,Nepal,Ministry of Finance,Repaying,0.75,XDR,P010153,HILL FOOD PROD I,8000000.00,2387350.90,0.00,5390785.14,4571650.30,1796892.90,0.00,1796892.90,0.00,0.00,0.00,1796892.90,06/01/1991,12/01/2030,04/06/1981,02/03/1981,05/28/1981,07/15/1990,08/29/1990 12:00:00 AM
06/30/2021,IDA11910,SOUTH ASIA,NP,Nepal,Ministry of Finance,Repaying,0.75,XDR,P010165,COTTAGE INDUSTRIES,6500000.00,0.00,0.00,5906055.73,5667082.53,2561137.11,0.00,2561137.11,0.00,0.00,0.00,2561137.11,05/15/1992,11/15/2031,03/09/1982,11/24/1981,07/09/1982,12/31/1986,
06/30/2021,IDA11980,SOUTH ASIA,NP,Nepal,Ministry of Finance,Repaying,0.75,XDR,P010166,EDUCATION II,14300000.00,2934402.09,0.00,12141142.89,9893243.86,4452410.57,0.00,4452410.57,0.00,0.00,0.00,4452410.57,04/01/1992,10/01/2031,04/07/1982,12/22/1981,07/23/1982,12/31/1991,09/23/1992 12:00:00 AM
06/30/2021,IDA12600,SOUTH ASIA,NP,Nepal,Ministry of Finance,Repaying,0.75,XDR,P010175,TECH.ASST. (EXPLORAT,9200000.00,2687245.69,0.00,6427816.85,5732625.62,2765889.78,0.00,2765889.78,0.00,0.00,0.00,2765889.78,12/01/1992,06/01/2032,07/09/1982,06/10/1982,10/01/1982,12/31/1990,04/23/1991 12:00:00 AM
06/30/2021,IDA13160,SOUTH ASIA,NP,Nepal,Ministry of Finance,Repaying,0.75,XDR,P010179,IRRIG. VII (BHAIRAWA,16000000.00,0.00,0.00,18264391.73,14118122.59,7754019.12,0.00,7754019.12,0.00,0.00,0.00,7754019.12,07/01/1993,01/01/2033,03/16/1983,01/18/1983,05/25/1983,10/31/1990,03/13/1991 12:00:00 AM
06/30/2021,IDA13390,SOUTH ASIA,NP,Nepal,Ministry of Finance,Repaying,0.75,XDR,P010182,CASH CROPS,6000000.00,1580793.87,0.00,4588893.70,3939357.48,2029847.57,0.00,2029847.57,0.00,0.00,0.00,2029847.57,06/15/1993,12/15/2032,04/08/1983,03/22/1983,08/16/1983,12/31/1988,01/03/1990 12:00:00 AM
06/30/2021,IDA13790,SOUTH ASIA,NP,Nepal,Ministry of Finance,Repaying,0.75,XDR,P010189,TECHNICAL ASSISTANCE,6000000.00,285971.03,0.00,6656763.05,4975832.21,2738637.55,0.00,2738637.55,0.00,0.00,0.00,2738637.55,09/01/1993,03/01/2033,09/01/1983,06/02/1983,12/27/1983,12/31/1990,04/04/1991 12:00:00 AM
06/30/2021,IDA14000,SOUTH ASIA,NP,Nepal,Ministry of Finance,Repaying,0.75,XDR,P010192,FORESTRY II (TERAI),18000000.00,14341651.92,0.00,4342027.42,3169490.72,1742945.52,0.00,1742945.52,0.00,0.00,0.00,1742945.52,12/15/1993,06/15/2033,09/01/1983,07/12/1983,11/30/1983,06/30/1992,12/14/1992 12:00:00 AM
06/30/2021,IDA14520,SOUTH ASIA,NP,Nepal,Ministry of Finance,Repaying,0.75,XDR,P010197,KARNALI PREPARATION,11000000.00,55681.25,0.00,12937529.38,9264118.79,5428488.51,0.00,5428488.51,0.00,0.00,0.00,5428488.51,06/01/1994,12/01/2033,03/22/1984,03/20/1984,06/21/1984,12/31/1990,08/08/1991 12:00:00 AM
06/30/2021,IDA14630,SOUTH ASIA,NP,Nepal,Ministry of Finance,Repaying,0.75,XDR,P010199,EDUC. III (PRIMARY),12780000.00,5716303.02,0.00,8613366.89,5967514.56,3720521.05,0.00,3720521.05,0.00,0.00,0.00,3720521.05,07/01/1994,01/01/2034,07/11/1984,04/24/1984,12/04/1984,06/30/1992,12/31/1992 12:00:00 AM
06/30/2021,IDA14780,SOUTH ASIA,NP,Nepal,Ministry of Finance,Repaying,0.75,XDR,P010200,POWER II (MARSYANGDI,107000000.00,26897743.56,0.00,98642463.43,67285016.82,41818847.88,0.00,41818847.88,0.00,0.00,0.00,41818847.88,10/15/1994,04/15/2034,09/30/1985,05/22/1984,01/29/1986,12/31/1994,06/06/1995 12:00:00 AM
06/30/2021,IDA15150,SOUTH ASIA,NP,Nepal,Ministry of Finance,Repaying,0.75,XDR,P010206,HIGHWAYS III,47500000.00,3679480.38,0.00,56340422.14,36830306.98,22911221.25,0.00,22911221.25,0.00,0.00,0.00,22911221.25,10/15/1994,04/15/2034,12/17/1984,08/28/1984,01/31/1986,06/30/1995,11/22/1995 12:00:00 AM
06/30/2021,IDA15340,SOUTH ASIA,NP,Nepal,Ministry of Finance,Repaying,0.75,XDR,P010208,AGRIC. MANPOWER,8400000.00,583919.31,0.00,10857755.94,6876543.34,4565696.93,0.00,4565696.93,0.00,0.00,0.00,4565696.93,03/15/1995,09/15/2034,03/08/1985,12/13/1984,06/05/1985,12/31/1994,11/09/1995 12:00:00 AM
06/30/2021,IDA15350,SOUTH ASIA,NP,Nepal,Ministry of Finance,Repaying,0.75,XDR,P010207,INDUSTRIAL DEVELOPME,7500000.00,559304.83,0.00,9305909.63,6031233.01,4009673.99,0.00,4009673.99,0.00,0.00,0.00,4009673.99,03/15/1995,09/15/2034,06/10/1985,12/13/1984,12/20/1985,12/31/1993,05/13/1994 12:00:00 AM
06/30/2021,IDA15700,SOUTH ASIA,NP,Nepal,Ministry of Finance,Repaying,0.75,XDR,P010214,AGRIC. EXTENSION II,7200000.00,1397452.84,0.00,8258515.44,5046327.03,3571217.96,0.00,3571217.96,0.00,0.00,0.00,3571217.96,09/01/1995,03/01/2035,06/10/1985,03/26/1985,09/09/1985,12/31/1994,11/27/1995 12:00:00 AM
06/30/2021,IDA15880,SOUTH ASIA,NP,Nepal,Ministry of Finance,Repaying,0.75,XDR,P010216,TELECOMS IV,22000000.00,1317359.80,0.00,26775556.46,16901229.42,11242348.05,0.00,11242348.05,0.00,0.00,0.00,11242348.05,06/01/1995,12/01/2034,04/10/1986,04/30/1985,12/17/1986,06/30/1994,11/28/1994 12:00:00 AM
06/30/2021,IDA16960,SOUTH ASIA,NP,Nepal,Ministry of Finance,Repaying,0.75,XDR,P010255,COTTAGE & SMALL IND.,10000000.00,4860302.32,0.00,6046309.88,3589516.37,2870323.60,0.00,2870323.60,0.00,0.00,0.00,2870323.60,10/01/1996,04/01/2036,09/26/1986,05/13/1986,07/31/1987,06/30/1995,03/29/1994 12:00:00 AM
06/30/2021,IDA17150,SOUTH ASIA,NP,Nepal,Ministry of Finance,Repaying,0.75,XDR,P010262,NARAYANI III (CONSOL,24500000.00,10324287.69,0.00,17193084.36,10014247.25,8022301.41,0.00,8022301.41,0.00,0.00,0.00,8022301.41,11/15/1996,05/15/2036,11/14/1986,06/19/1986,03/20/1987,06/30/1995,12/14/1995 12:00:00 AM
06/30/2021,IDA17270,SOUTH ASIA,NP,Nepal,Ministry of Finance,Repaying,0.75,XDR,P010269,RURAL DEV III,19100000.00,14474635.25,0.00,5400884.19,3227057.93,2580394.52,0.00,2580394.52,0.00,0.00,0.00,2580394.52,10/01/1996,04/01/2036,12/04/1986,07/15/1986,11/30/1987,07/15/1993,12/06/1993 12:00:00 AM
06/30/2021,IDA17690,SOUTH ASIA,NP,Nepal,Ministry of Finance,Repaying,0.75,XDR,P010274,STRUCTURAL ADJUST.,50000000.00,0.00,0.00,54229828.32,31886884.07,27128368.77,0.00,27128368.77,0.00,0.00,0.00,27128368.77,06/15/1997,12/15/2036,04/16/1987,03/24/1987,05/12/1987,12/30/1988,01/24/1989 12:00:00 AM
06/30/2021,IDA18140,SOUTH ASIA,NP,Nepal,Ministry of Finance,Repaying,0.75,XDR,P010278,SUNSARY-MORANG II,40000000.00,3651578.55,0.00,39550665.44,21463688.62,19412048.12,0.00,19412048.12,0.00,0.00,0.00,19412048.12,11/15/1997,05/15/2037,11/20/1987,06/02/1987,02/03/1988,03/31/1995,11/03/1995 12:00:00 AM
06/30/2021,IDA19020,SOUTH ASIA,NP,Nepal,Ministry of Finance,Repaying,0.75,XDR,P010306,THIRD T.A. (PANCHESW,14400000.00,165487.20,0.00,14176520.38,11236315.04,3886084.49,0.00,3886084.49,0.00,0.00,0.00,3886084.49,05/15/1998,11/15/2027,11/28/1988,04/26/1988,01/26/1989,06/30/1994,01/30/1995 12:00:00 AM
06/30/2021,IDA19220,SOUTH ASIA,NP,Nepal,Ministry of Finance,Repaying,0.75,XDR,P010309,ROAD FLOOD REHAB.,15500000.00,3334277.75,0.00,12267740.64,9203647.11,3511006.49,0.00,3511006.49,0.00,0.00,0.00,3511006.49,11/01/1998,05/01/2028,09/21/1988,06/14/1988,01/19/1989,06/30/1995,12/20/1995 12:00:00 AM
06/30/2021,IDA19240,SOUTH ASIA,NP,Nepal,Ministry of Finance,Repaying,0.75,XDR,P010310,MAHAKALI IRRIG. II,41300000.00,0.00,0.00,41888490.13,31304565.99,11941988.24,0.00,11941988.24,0.00,0.00,0.00,11941988.24,11/01/1998,05/01/2028,09/21/1988,06/15/1988,11/18/1988,03/31/1998,10/15/1998 12:00:00 AM
06/30/2021,IDA19880,SOUTH ASIA,NP,Nepal,Ministry of Finance,Repaying,0.75,XDR,P010326,MUNIC.DEV & EARTHQUA,41500000.00,20164109.57,0.00,20168895.12,16122280.03,6798176.95,0.00,6798176.95,0.00,0.00,0.00,6798176.95,06/01/1999,12/01/2028,04/07/1989,03/14/1989,09/14/1989,06/30/1996,03/24/1997 12:00:00 AM
06/30/2021,IDA20280,SOUTH ASIA,NP,Nepal,Ministry of Finance,Repaying,0.75,XDR,P010330,CLOSED(T) HILL COMMUNITY FORES,30500000.00,22077254.84,0.00,9173469.14,6409007.21,2958321.06,0.00,2958321.06,0.00,0.00,0.00,2958321.06,10/01/1999,04/01/2029,08/18/1989,05/30/1989,05/14/1990,06/30/1999,11/23/1999 12:00:00 AM
06/30/2021,IDA20290,SOUTH ASIA,NP,Nepal,Ministry of Finance,Fully Cancelled,0.75,XDR,P010331,ARUN III ACCESS RD,32800000.00,32800000.00,0.00,0.00,0.00,0.00,0.00,0.00,0.00,0.00,0.00,0.00,09/01/1999,03/01/2029,08/08/1989,05/30/1989,11/01/1989,07/31/1995,
06/30/2021,IDA20440,SOUTH ASIA,NP,Nepal,Ministry of Finance,Repaying,0.75,XDR,P010333,CLOSED(T) ENGINEERING EDUCATION,11400000.00,21472.46,0.00,12255705.03,8683813.86,4008948.80,0.00,4008948.80,0.00,0.00,0.00,4008948.80,10/15/1999,04/15/2029,08/18/1989,06/22/1989,11/14/1989,12/31/1999,09/12/2000 12:00:00 AM
06/30/2021,IDA20460,SOUTH ASIA,NP,Nepal,Ministry of Finance,Repaying,0.75,XDR,P010334,STRUCT. ADJ. II,60000000.00,0.00,0.00,61681945.17,45676536.35,21088193.28,0.00,21088193.28,0.00,0.00,0.00,21088193.28,10/15/1999,04/15/2029,07/21/1989,06/27/1989,08/10/1989,07/31/1992,08/17/1992 12:00:00 AM
06/30/2021,IDA20470,SOUTH ASIA,NP,Nepal,Ministry of Finance,Repaying,0.75,XDR,P010335,EARTHQK SCHOOL REHAB,22800000.00,1972264.58,0.00,23201203.83,15894805.26,7338717.15,0.00,7338717.15,0.00,0.00,0.00,7338717.15,10/15/1999,04/15/2029,08/08/1989,06/27/1989,12/11/1989,02/29/1996,06/05/1996 12:00:00 AM
06/30/2021,IDA21440,SOUTH ASIA,NP,Nepal,Ministry of Finance,Repaying,0.75,XDR,P010348,CLOSED(T) BHAIRAWA LUMBINI III,47200000.00,80240.00,0.00,51855592.13,33986677.57,18762600.91,0.00,18762600.91,0.00,0.00,0.00,18762600.91,10/15/2000,04/15/2030,09/21/1990,05/29/1990,02/19/1991,06/30/1999,11/16/1999 12:00:00 AM
06/30/2021,IDA22390,SOUTH ASIA,NP,Nepal,Ministry of Finance,Repaying,0.75,XDR,P010370,CLOSED(T) URB WATER & SAN REHAB,60000000.00,45757993.36,0.00,14945003.80,9426052.72,6162288.98,0.00,6162288.98,0.00,0.00,0.00,6162288.98,10/15/2001,04/15/2031,10/10/1991,05/07/1991,10/15/1992,03/31/1999,01/19/2000 12:00:00 AM
06/30/2021,IDA23470,SOUTH ASIA,NP,Nepal,Ministry of Finance,Repaying,0.75,XDR,P010392,CLOSED(T) POWER EFF IMPROVEMEN,65000000.00,11068508.76,0.00,56862165.86,33654718.53,23909522.98,0.00,23909522.98,0.00,0.00,0.00,23909522.98,04/01/2002,10/01/2031,07/15/1992,03/26/1992,01/15/1993,06/30/1999,05/31/2000 12:00:00 AM
06/30/2021,IDA23570,SOUTH ASIA,NP,Nepal,Ministry of Finance,Repaying,0.75,XDR,P010395,CLOSED(T) BASIC AND PRIMARY EDUCATION,30600000.00,812401.18,0.00,30343086.28,17322235.27,13318994.95,0.00,13318994.95,0.00,0.00,0.00,13318994.95,10/15/2002,04/15/2032,05/13/1992,04/21/1992,07/08/1992,12/31/1999,02/29/2000 12:00:00 AM
06/30/2021,IDA23640,SOUTH ASIA,NP,Nepal,Ministry of Finance,Repaying,0.75,XDR,P010396,CLOSED(T) TELECOMS. V,55000000.00,10138146.54,0.00,47279981.85,26723766.52,20528613.73,0.00,20528613.73,0.00,0.00,0.00,20528613.73,11/01/2002,05/01/2032,07/15/1992,05/12/1992,12/15/1992,06/30/1999,01/13/2000 12:00:00 AM
06/30/2021,IDA24300,SOUTH ASIA,NP,Nepal,Ministry of Finance,Repaying,0.75,XDR,P010406,SUNSARI MORANG HEADW,28000000.00,4159898.46,0.00,23430318.21,12742243.83,10614791.10,0.00,10614791.10,0.00,0.00,0.00,10614791.10,04/15/2003,10/15/2032,12/16/1992,11/05/1992,01/22/1993,12/31/1997,06/09/1998 12:00:00 AM
06/30/2021,IDA25600,SOUTH ASIA,NP,Nepal,Ministry of Finance,Repaying,0.75,XDR,P010454,HIGHER EDUCATION,20000000.00,2078280.41,0.00,16970815.71,9270682.83,9075277.60,0.00,9075277.60,0.00,0.00,0.00,9075277.60,04/01/2004,10/01/2033,02/16/1994,12/21/1993,05/12/1994,11/30/2001,05/28/2002 12:00:00 AM
06/30/2021,IDA25780,SOUTH ASIA,NP,Nepal,Ministry of Finance,Repaying,0.75,XDR,P010475,CLOSED(T) ROAD MAINT.& REHAB.,50500000.00,2184434.18,0.00,48406274.24,24502568.10,25973342.18,0.00,25973342.18,0.00,0.00,0.00,25973342.18,07/01/2004,01/01/2034,06/01/1994,03/15/1994,09/12/1994,06/30/1999,03/30/2000 12:00:00 AM
06/30/2021,IDA26000,SOUTH ASIA,NP,Nepal,Ministry of Finance,Repaying,0.75,XDR,P010460,POPULATION & HEALTH,26700000.00,2221245.54,0.00,23867645.62,12433915.35,13192626.64,0.00,13192626.64,0.00,0.00,0.00,13192626.64,08/15/2004,02/15/2034,06/03/1994,04/12/1994,07/15/1994,12/31/2000,06/01/2001 12:00:00 AM
06/30/2021,IDA29120,SOUTH ASIA,NP,Nepal,Ministry of Finance,Repaying,0.75,XDR,P010516,RURAL WS& SANITATION,18280000.00,1781532.10,0.00,15358039.01,6717504.64,9887326.80,0.00,9887326.80,0.00,0.00,0.00,9887326.80,11/15/2006,05/15/2036,01/23/1997,09/03/1996,06/17/1997,12/31/2003,05/26/2004 12:00:00 AM
06/30/2021,IDA29770,SOUTH ASIA,NP,Nepal,Ministry of Finance,Repaying,0.75,XDR,P048026,AGRI RES & EXTENSION,24300000.00,5710239.57,0.00,17592042.91,7023685.97,12221811.27,0.00,12221811.27,0.00,0.00,0.00,12221811.27,12/15/2007,06/15/2037,09/18/1997,08/26/1997,11/25/1997,09/30/2002,02/20/2003 12:00:00 AM
06/30/2021,IDA30080,SOUTH ASIA,NP,Nepal,Ministry of Finance,Repaying,0.75,XDR,P010509,MULTIMODAL TRANSIT,23500000.00,4342476.47,0.00,18479736.99,6881042.29,13044332.25,0.00,13044332.25,0.00,0.00,0.00,13044332.25,05/01/2008,11/01/2037,12/18/1997,11/25/1997,02/04/1998,09/30/2003,11/08/2007 12:00:00 AM
06/30/2021,IDA30090,SOUTH ASIA,NP,Nepal,Ministry of Finance,Repaying,0.75,XDR,P010530,Irrig Sector Devt,79770000.00,9694444.61,0.00,68420947.66,25591333.89,48546389.02,0.00,48546389.02,0.00,0.00,0.00,48546389.02,05/01/2008,11/01/2037,12/18/1997,11/25/1997,09/17/1998,06/30/2004,10/28/2004 12:00:00 AM
06/30/2021,IDA31850,SOUTH ASIA,NP,Nepal,Ministry of Finance,Repaying,0.75,XDR,P040612,Basic & Primary Education Project II,12500000.00,0.00,0.00,12158609.28,3666022.20,9243201.60,0.00,9243201.60,0.00,0.00,0.00,9243201.60,09/15/2009,03/15/2039,04/23/1999,03/30/1999,10/19/1999,07/15/2004,12/02/2004 12:00:00 AM
06/30/2021,IDA32150,SOUTH ASIA,NP,Nepal,Ministry of Finance,Repaying,0.75,XDR,P045053,RURAL INFRA LIL,5000000.00,172200.49,0.00,4729005.70,1452514.78,3669134.01,0.00,3669134.01,0.00,0.00,0.00,3669134.01,10/01/2009,04/01/2039,09/08/1999,05/14/1999,12/01/1999,07/31/2003,01/07/2004 12:00:00 AM
06/30/2021,IDA32930,SOUTH ASIA,NP,Nepal,Ministry of Finance,Repaying,0.75,XDR,P045052,ROAD MAINTENANCE AND DEVELOPMENT,54500000.00,2833309.92,0.00,53470821.51,14361689.91,40127091.38,0.00,40127091.38,0.00,0.00,0.00,40127091.38,03/15/2010,09/15/2039,12/22/1999,11/23/1999,02/21/2000,06/30/2007,11/20/2007 12:00:00 AM
06/30/2021,IDA35810,SOUTH ASIA,NP,Nepal,Ministry of Finance,Repaying,0.75,XDR,P050671,NP: Telecommunications Sector Reform,22560000.00,6705873.50,0.00,18488807.24,3344774.89,14209354.50,0.00,14209354.50,0.00,0.00,0.00,14209354.50,06/01/2012,12/01/2041,02/05/2002,12/11/2001,05/01/2002,08/31/2009,12/28/2009 12:00:00 AM
06/30/2021,IDA37270,SOUTH ASIA,NP,Nepal,Ministry of Finance,Repaying,0.75,XDR,P071291,NP:  Fincl Sector Technical Assistance,16000000.00,7522252.72,0.00,9518459.79,1595864.72,7778711.82,0.00,7778711.82,0.00,0.00,0.00,7778711.82,03/01/2013,09/01/2042,04/30/2003,12/19/2002,07/01/2003,12/31/2011,04/25/2012 12:00:00 AM
06/30/2021,IDA37660,SOUTH ASIA,NP,Nepal,Ministry of Finance,Repaying,0.75,XDR,P043311,NP: POWER DEVELOPMENT PROJECT,50400000.00,17853401.28,0.00,36485469.07,5569357.59,28306798.14,0.00,28306798.14,0.00,0.00,0.00,28306798.14,11/15/2013,05/15/2043,07/09/2003,05/22/2003,03/25/2004,12/31/2013,04/15/2014 12:00:00 AM
06/30/2021,IDA38080,SOUTH ASIA,NP,Nepal,Ministry of Finance,Repaying,0.75,XDR,P082646,Community School Support Project,5000000.00,2230.01,0.00,5358322.72,815312.59,4311570.34,0.00,4311570.34,0.00,0.00,0.00,4311570.34,12/01/2013,06/01/2043,07/25/2003,06/30/2003,08/28/2003,09/30/2008,06/08/2010 12:00:00 AM
06/30/2021,IDA38300,SOUTH ASIA,NP,Nepal,Ministry of Finance,Repaying,0.75,XDR,P074685,Poverty Reduction Support Credit I,70000000.00,0.00,0.00,74930220.00,10815087.71,61835307.00,0.00,61835307.00,0.00,0.00,0.00,61835307.00,05/01/2014,11/01/2043,12/04/2003,11/18/2003,12/12/2003,11/01/2004,12/19/2003 12:00:00 AM
06/30/2021,IDA38640,SOUTH ASIA,NP,Nepal,Ministry of Finance,Repaying,0.75,XDR,P084219,NP: Fin Sector Restructuring (Phase II),68500000.00,13180536.83,0.00,57482998.54,7583526.94,47156352.89,0.00,47156352.89,0.00,0.00,0.00,47156352.89,08/15/2014,02/15/2044,06/10/2004,03/09/2004,07/15/2004,09/30/2009,03/05/2009 12:00:00 AM
06/30/2021,IDA39110,SOUTH ASIA,NP,Nepal,Ministry of Finance,Repaying,0.75,XDR,P071285,NP: Rural Water Supply & Sanitation Proj,25300000.00,0.00,0.00,25554799.21,3333125.40,20854260.40,0.00,20854260.40,0.00,0.00,0.00,20854260.40,11/15/2014,05/15/2044,09/14/2004,06/01/2004,01/17/2005,08/30/2011,06/08/2011 12:00:00 AM
06/30/2021,IDA39560,SOUTH ASIA,NP,Nepal,Ministry of Finance,Repaying,0.75,XDR,P074633,Education for All Project,50000000.00,0.00,0.00,52467103.05,6767461.35,42321881.40,0.00,42321881.40,0.00,0.00,0.00,42321881.40,12/15/2014,06/15/2044,08/12/2004,07/08/2004,08/27/2004,01/31/2010,04/19/2010 12:00:00 AM
06/30/2021,IDA39800,SOUTH ASIA,NP,Nepal,Ministry of Finance,Repaying,0.75,XDR,P040613,Nepal Health Sector Program Project,10000000.00,0.00,0.00,10900902.49,1353492.27,8464376.28,0.00,8464376.28,0.00,0.00,0.00,8464376.28,12/15/2014,06/15/2044,11/29/2004,09/09/2004,02/25/2005,07/15/2010,09/13/2010 12:00:00 AM
06/30/2021,IDA45100,SOUTH ASIA,NP,Nepal,Ministry of Finance,Repaying,0.75,XDR,P113002,NP: Social Safety Nets Project,2700000.00,1584799.04,0.00,1068448.53,49097.42,951501.12,0.00,951501.12,0.00,0.00,0.00,951501.12,01/15/2019,07/15/2048,11/02/2008,09/29/2008,01/28/2009,09/30/2014,02/17/2015 12:00:00 AM
06/30/2021,IDA45150,SOUTH ASIA,NP,Nepal,Ministry of Finance,Repaying,0.75,XDR,P099296,NP: Irrig & Water Res Mgmt Proj,14300000.00,553608.00,0.00,13520881.25,611665.71,11854004.94,0.00,11854004.94,0.00,0.00,0.00,11854004.94,01/15/2019,07/15/2048,11/02/2008,09/29/2008,01/30/2009,06/30/2016,10/27/2016 12:00:00 AM
06/30/2021,IDA46030,SOUTH ASIA,NP,Nepal,Ministry of Finance,Repaying,0.75,XDR,P087140,NP:Agriculture Commercialization & Trade,10710000.00,137321.63,0.00,9749266.38,397485.07,9732999.45,0.00,9732999.45,0.00,0.00,0.00,9732999.45,08/15/2019,02/15/2049,08/21/2009,06/04/2009,11/13/2009,12/31/2016,07/20/2017 12:00:00 AM
06/30/2021,IDA46370,SOUTH ASIA,NP,Nepal,Ministry of Finance,Repaying,0.75,XDR,P043311,NP: POWER DEVELOPMENT PROJECT,73700000.00,33836745.29,0.00,41493092.32,1500329.75,36737161.37,0.00,36737161.37,0.00,0.00,0.00,36737161.37,11/15/2019,05/15/2049,08/21/2009,06/18/2009,11/19/2009,12/31/2013,04/15/2014 12:00:00 AM
06/30/2021,IDA46520,SOUTH ASIA,NP,Nepal,MINISTRY OF FINANCE,Repaying,0.75,XDR,P113441,NP: School Sector Reform Program,71500000.00,52048.06,0.00,69854290.71,2576631.41,63081690.06,0.00,63081690.06,0.00,0.00,0.00,63081690.06,11/15/2019,05/15/2049,11/27/2009,09/22/2009,12/23/2009,12/15/2014,05/05/2015 12:00:00 AM
06/30/2021,IDA46640,SOUTH ASIA,NP,Nepal,Ministry of Finance,Repaying,0.75,XDR,P083923,NP: Rural Access Improve. & Decentraliza,24750000.00,3285483.60,0.00,20820395.86,575036.53,18839297.80,0.00,18839297.80,0.00,0.00,0.00,18839297.80,03/15/2020,09/15/2049,05/17/2010,12/17/2009,07/14/2010,12/31/2013,05/22/2014 12:00:00 AM
06/30/2021,IDA47070,SOUTH ASIA,NP,Nepal,MINISTRY OF FINANCE,Repaying,0.75,XDR,P117417,NP: Second HNP and HIV/AIDS Project,69652579.00,741703.19,0.00,65790729.17,1871269.01,61348339.64,0.00,61348339.64,0.00,0.00,0.00,61348339.64,05/15/2020,11/15/2049,08/18/2010,04/20/2010,10/04/2010,01/15/2016,12/13/2016 12:00:00 AM
06/30/2021,IDA47500,SOUTH ASIA,NP,Nepal,Ministry of Finance,Repaying,0.75,XDR,P113002,NP: Social Safety Nets Project,23297000.00,7316641.38,0.00,16395826.06,297961.08,14713869.82,0.00,14713869.82,0.00,0.00,0.00,14713869.82,07/15/2020,01/15/2050,08/18/2010,05/26/2010,10/06/2010,09/30/2014,10/17/2016 12:00:00 AM
06/30/2021,IDA48320,SOUTH ASIA,NP,Nepal,Ministry of Finance,Repaying,0.75,XDR,P095977,NP: Road Sector Development Project,41260000.00,0.00,0.00,40950006.53,379975.68,37563344.28,0.00,37563344.28,0.00,0.00,0.00,37563344.28,03/15/2021,09/15/2050,03/04/2011,11/23/2010,04/11/2011,06/30/2015,11/02/2015 12:00:00 AM
06/30/2021,IDA49020,SOUTH ASIA,NP,Nepal,Ministry of Finance,Disbursing,0.75,XDR,P115767,NP-IN Electricity Transmission & Trade P,84000000.00,0.00,15830750.89,60954335.60,0.00,60910645.11,0.00,60910645.11,0.00,0.00,0.00,76741396.00,09/15/2021,03/15/2051,07/15/2011,06/21/2011,09/29/2011,10/31/2021,06/30/2021 12:00:00 AM
06/30/2021,IDA49050,SOUTH ASIA,NP,Nepal,Ministry of Finance,Fully Disbursed,0.75,XDR,P120265,NP: Emerging Towns Project,13750000.00,9052189.75,0.00,4493214.51,0.00,4288672.31,0.00,4288672.31,0.00,0.00,0.00,4288672.31,10/15/2021,04/15/2051,06/30/2011,05/10/2011,10/02/2011,01/31/2017,08/07/2017 12:00:00 AM
06/30/2021,IDA49220,SOUTH ASIA,NP,Nepal,Ministry of Finance,Terminated,,XDR,P105860,NP: PAF II,27500000.00,27500000.00,0.00,0.00,0.00,0.00,0.00,0.00,0.00,0.00,0.00,0.00,10/15/2021,04/15/2051,,04/21/2011,,06/30/2014,
06/30/2021,IDA49240,SOUTH ASIA,NP,Nepal,Ministry of Finance,Fully Disbursed,0.75,XDR,P104015,NP: Enhanced Vocational Educ & Trng,29750000.00,6353465.98,0.00,20957193.39,0.00,21314030.16,0.00,21314030.16,0.00,0.00,0.00,21314030.16,10/15/2021,04/15/2051,06/30/2011,04/21/2011,08/23/2011,06/30/2017,11/09/2017 12:00:00 AM
06/30/2021,IDA49320,SOUTH ASIA,NP,Nepal,Ministry of Finance,Fully Disbursed,0.75,XDR,P112893,NP: Kabeli Transmission Project,27400000.00,15613906.22,0.00,11098242.63,0.00,10614825.33,0.00,10614825.33,0.00,0.00,0.00,10614825.33,10/15/2021,04/15/2051,06/27/2011,05/10/2011,09/21/2011,12/31/2016,06/07/2017 12:00:00 AM
06/30/2021,IDA49810,SOUTH ASIA,NP,Nepal,Ministry of Finance,Fully Disbursed,0.75,XDR,P118179,NP: Rani Jamara Kulariya Irrigation Proj,23600000.00,684558.20,0.00,20407138.11,0.00,20637159.44,0.00,20637159.44,0.00,0.00,0.00,20637159.44,12/15/2021,06/15/2051,10/18/2011,07/05/2011,11/30/2011,09/30/2017,02/09/2018 12:00:00 AM
06/30/2021,IDA50020,SOUTH ASIA,NP,Nepal,Ministry of Finance,Fully Disbursed,0.75,XDR,P095977,NP: Road Sector Development Project,27500000.00,15937013.97,0.00,10542515.10,0.00,10495974.71,0.00,10495974.71,0.00,0.00,0.00,10495974.71,09/15/2021,03/15/2051,07/08/2011,06/02/2011,07/08/2011,06/30/2017,01/22/2018 12:00:00 AM
06/30/2021,IDA51370,SOUTH ASIA,NP,Nepal,Ministry of Finance,Fully Disbursed,0.75,XDR,P125359,NP:Community Actionfor Nutrition Project,22000000.00,4483947.21,0.00,15779815.77,0.00,16126841.90,0.00,16126841.90,0.00,0.00,0.00,16126841.90,12/15/2022,06/15/2052,07/13/2012,06/26/2012,08/24/2012,06/30/2017,11/29/2017 12:00:00 AM
06/30/2021,IDA51380,SOUTH ASIA,NP,Nepal,Ministry of Finance,Fully Disbursed,0.75,XDR,P125495,NP: Bridges Program Support,60000000.00,0.00,0.00,55083471.73,0.00,55202454.00,0.00,55202454.00,0.00,0.00,0.00,55202454.00,12/15/2022,06/15/2052,07/13/2012,06/28/2012,12/20/2012,07/15/2017,05/04/2017 12:00:00 AM
06/30/2021,IDA51800,SOUTH ASIA,NP,Nepal,Ministry of Finance,Fully Disbursed,0.75,XDR,P087140,NP:Agriculture Commercialization & Trade,22000000.00,12171946.40,0.00,9209783.27,0.00,9112305.94,0.00,9112305.94,0.00,0.00,0.00,9112305.94,05/15/2023,11/15/2052,02/13/2013,11/15/2012,03/18/2013,06/30/2018,01/23/2019 12:00:00 AM
06/30/2021,IDA52460,SOUTH ASIA,NP,Nepal,Ministry of Finance,Fully Disbursed,0.75,XDR,P132289,Kali Gandaki Rehab,27260000.00,22138119.17,0.00,4852393.70,0.00,4877782.44,0.00,4877782.44,0.00,0.00,0.00,4877782.44,11/01/2023,05/01/2053,09/11/2013,05/15/2013,12/31/2013,06/30/2017,11/30/2017 12:00:00 AM
06/30/2021,IDA52500,SOUTH ASIA,NP,Nepal,Ministry of Finance,Fully Disbursed,0.75,XDR,P113441,NP: School Sector Reform Program,55000000.00,9916746.92,0.00,42189740.15,0.00,42957512.78,0.00,42957512.78,0.00,0.00,0.00,42957512.78,11/01/2023,05/01/2053,07/08/2013,05/15/2013,09/03/2013,07/15/2016,07/10/2019 12:00:00 AM
06/30/2021,IDA52630,SOUTH ASIA,NP,Nepal,Ministry of Finance,Disbursing,0.75,XDR,P115767,NP-IN Electricity Transmission & Trade P,37000000.00,0.00,4694537.52,30530981.32,0.00,30395394.48,0.00,30395394.48,0.00,0.00,0.00,35089932.00,11/15/2023,05/15/2053,09/11/2013,06/24/2013,12/31/2013,10/31/2021,06/29/2021 12:00:00 AM
06/30/2021,IDA52730,SOUTH ASIA,NP,Nepal,Ministry of Finance,Disbursing,0.75,XDR,P144335,NIRTTP,69000000.00,0.00,6004552.73,58866229.08,0.00,59325483.27,0.00,59325483.27,0.00,0.00,0.00,65330036.00,11/15/2023,05/15/2053,07/11/2013,06/28/2013,09/10/2013,11/30/2021,06/29/2021 12:00:00 AM
06/30/2021,IDA52820,SOUTH ASIA,NP,Nepal,Ministry of Finance,Fully Disbursed,0.75,XDR,P129929,NP: Financial Sector DPC,30000000.00,0.00,0.00,30801419.00,0.00,28385758.00,0.00,28385758.00,0.00,0.00,0.00,28385758.00,11/15/2023,05/15/2053,07/31/2013,06/27/2013,09/04/2013,12/31/2013,10/24/2013 12:00:00 AM
06/30/2021,IDA53360,SOUTH ASIA,NP,Nepal,Ministry of Finance,Fully Disbursed,0.75,XDR,P132750,SNRTP,28000000.00,8728480.29,0.00,17513288.85,0.00,17966208.75,0.00,17966208.75,0.00,0.00,0.00,17966208.75,06/15/2024,12/15/2053,03/24/2014,12/23/2013,04/02/2014,01/15/2020,07/22/2020 12:00:00 AM
06/30/2021,IDA53380,SOUTH ASIA,NP,Nepal,Ministry of Finance,Repaying,0.75,XDR,P122406,Kabeli-A Hydro Electric Project,40000000.00,29376616.72,0.00,9792580.99,1165740.19,8724173.85,0.00,8724173.85,0.00,0.00,0.00,8724173.85,11/15/2020,05/15/2052,11/24/2014,07/01/2014,06/20/2016,12/30/2019,04/26/2020 12:00:00 AM
06/30/2021,IDA53440,SOUTH ASIA,NP,Nepal,Ministry of Finance,Fully Disbursed,0.75,XDR,P099296,NP: Irrig & Water Res Mgmt Proj,30000000.00,1996477.24,0.00,25648551.03,0.00,26097259.49,0.00,26097259.49,0.00,0.00,0.00,26097259.49,06/15/2024,12/15/2053,03/24/2014,12/23/2013,04/10/2014,06/30/2018,11/01/2018 12:00:00 AM
06/30/2021,IDA54460,SOUTH ASIA,NP,Nepal,Ministry of Finance,Disbursing,0.75,XDR,P143036,NP Rural Water Supply & Sanitation Impr,50000000.00,5238694.44,95345.23,40230493.67,0.00,41278431.88,0.00,41278431.88,0.00,0.00,0.00,41373777.11,11/15/2024,05/15/2054,07/11/2014,05/29/2014,11/10/2014,07/15/2021,04/16/2021 12:00:00 AM
06/30/2021,IDA55660,SOUTH ASIA,NP,Nepal,Ministry of Finance,Disbursing&Repaying,0.75,XDR,P146344,Nepal: Grid Solar & Energy Efficiency,130000000.00,0.00,53723976.53,70211519.07,1978858.75,69839655.97,0.00,69839655.97,0.00,0.00,0.00,123563632.50,06/15/2021,12/15/2052,02/20/2015,12/22/2014,06/14/2016,12/31/2021,06/24/2021 12:00:00 AM
06/30/2021,IDA55860,SOUTH ASIA,NP,Nepal,Ministry of Finance,Fully Disbursed,0.75,XDR,P147010,Higher Education Reforms Project,65000000.00,2362566.00,0.00,60303795.87,0.00,61718357.82,0.00,61718357.82,0.00,0.00,0.00,61718357.82,08/15/2021,02/15/2053,04/06/2015,02/19/2015,05/22/2015,12/31/2020,03/25/2021 12:00:00 AM
06/30/2021,IDA57010,SOUTH ASIA,NP,Nepal,Ministry of Finance,Fully Disbursed,0.75,XDR,P133777,NP: Financial sector stability DPC2,100000000.00,0.00,0.00,99422640.00,0.00,102702240.00,0.00,102702240.00,0.00,0.00,0.00,102702240.00,12/15/2021,06/15/2053,08/14/2015,06/29/2015,09/30/2015,12/31/2015,11/19/2015 12:00:00 AM
06/30/2021,IDA57060,SOUTH ASIA,NP,Nepal,Ministry of Finance,Disbursing,0.75,XDR,P155969,Earthquake Housing Reconst Project,200000000.00,0.00,2462910.78,199704184.47,0.00,202798927.22,0.00,202798927.22,0.00,0.00,0.00,205261838.00,12/15/2021,06/15/2053,08/14/2015,06/29/2015,01/28/2016,06/30/2023,02/08/2021 12:00:00 AM
06/30/2021,IDA57280,SOUTH ASIA,NP,Nepal,Ministry of Finance,Disbursing,0.75,XDR,P150066,Power Sector Ref.& Sus. Hydropower Dev.,20000000.00,0.00,12187221.78,8235432.38,0.00,8353226.22,0.00,8353226.22,0.00,0.00,0.00,20540448.00,03/15/2022,09/15/2053,02/04/2016,09/25/2015,06/02/2016,12/30/2021,12/28/2020 12:00:00 AM
06/30/2021,IDA58650,SOUTH ASIA,NP,Nepal,Ministry of Finance,Fully Disbursed,0.75,XDR,P095977,NP: Road Sector Development Project,55000000.00,29312328.67,0.00,25954451.59,0.00,26181951.64,0.00,26181951.64,0.00,0.00,0.00,26181951.64,02/01/2023,08/01/2054,12/19/2016,08/25/2016,01/05/2017,01/15/2020,07/20/2020 12:00:00 AM
06/30/2021,IDA58750,SOUTH ASIA,NP,Nepal,Ministry of Finance,Fully Disbursed,0.75,XDR,P156960,Financial sector stability DPC3,100000000.00,0.00,0.00,97661686.00,0.00,100705252.00,0.00,100705252.00,0.00,0.00,0.00,100705252.00,07/01/2023,01/01/2055,04/11/2017,03/02/2017,05/08/2017,03/31/2018,06/02/2017 12:00:00 AM
06/30/2021,IDA59120,SOUTH ASIA,NP,Nepal,Ministry of Finance,Disbursing,0.75,XDR,P154548,Strengthening Systems for SP and CR,150000000.00,35494237.92,48080644.27,69184000.96,0.00,69083782.83,0.00,69083782.83,0.00,0.00,0.00,117164427.10,04/15/2023,10/15/2054,01/23/2017,12/02/2016,07/21/2017,11/30/2021,06/23/2021 12:00:00 AM
06/30/2021,IDA59130,SOUTH ASIA,NP,Nepal,Ministry of Finance,Disbursing,0.75,XDR,P160207,Nepal Health Sector Mgmt Reform PforR,150000000.00,0.00,17927176.01,133945962.45,0.00,135555615.99,0.00,135555615.99,0.00,0.00,0.00,153482792.00,04/15/2023,10/15/2054,03/02/2017,01/13/2017,04/13/2017,07/15/2021,02/11/2021 12:00:00 AM
06/30/2021,IDA59710,SOUTH ASIA,NP,Nepal,Ministry of Finance,Disbursing,0.75,XDR,P160748,School Sector Development Program,185000000.00,0.00,69169949.75,123715701.81,0.00,125108454.25,0.00,125108454.25,0.00,0.00,0.00,194278404.00,09/15/2023,03/15/2055,06/22/2017,03/24/2017,09/19/2017,07/15/2021,11/24/2020 12:00:00 AM
06/30/2021,IDA61420,SOUTH ASIA,NP,Nepal,Ministry of Finance,Disbursing,0.75,XDR,P163018,EVENT II,60000000.00,0.00,41073540.31,19378251.78,0.00,19834593.69,0.00,19834593.69,0.00,0.00,0.00,60908134.00,03/15/2024,09/15/2055,01/21/2018,09/29/2017,02/23/2018,07/15/2022,06/09/2021 12:00:00 AM
06/30/2021,IDA61490,SOUTH ASIA,NP,Nepal,Ministry of Finance,Disbursing,0.75,XDR,P156797,Nep Liv Sec Innov Proj,80000000.00,0.00,69244991.20,11453647.53,0.00,11633022.80,0.00,11633022.80,0.00,0.00,0.00,80878014.00,05/15/2024,11/15/2055,01/21/2018,12/07/2017,02/28/2018,06/30/2023,06/30/2021 12:00:00 AM
06/30/2021,IDA61640,SOUTH ASIA,NP,Nepal,Ministry of Finance,Disbursing,0.75,XDR,P155969,Earthquake Housing Reconst Project,300000000.00,0.00,22988783.47,274264762.05,0.00,281694528.53,0.00,281694528.53,0.00,0.00,0.00,304683312.00,06/01/2024,12/01/2055,01/21/2018,12/15/2017,02/26/2018,06/30/2023,06/15/2021 12:00:00 AM
06/30/2021,IDA61940,SOUTH ASIA,NP,Nepal,Ministry of Finance,Disbursing,0.75,XDR,P158364,NP Rani Jamara Kulariya Irrigation Ph 2,66000000.00,5341795.23,52118596.06,7235438.03,0.00,7268383.68,0.00,7268383.68,0.00,0.00,0.00,59386979.74,09/15/2024,03/15/2056,05/10/2018,03/20/2018,07/18/2018,12/31/2023,05/27/2021 12:00:00 AM
06/30/2021,IDA61950,SOUTH ASIA,NP,Nepal,Ministry of Finance,Fully Disbursed,0.75,XDR,P160792,Nepal Fiscal Reforms DPC,200000000.00,0.00,0.00,194864398.00,0.00,195847466.00,0.00,195847466.00,0.00,0.00,0.00,195847466.00,09/15/2024,03/15/2056,05/10/2018,03/20/2018,05/31/2018,02/28/2019,06/08/2018 12:00:00 AM
06/30/2021,IDA63040,SOUTH ASIA,NP,Nepal,Ministry of Finance,Fully Disbursed,0.75,XDR,P159547,Fourth Financial Sector Stability DPC4,100000000.00,0.00,0.00,99330255.00,0.00,101418462.00,0.00,101418462.00,0.00,0.00,0.00,101418462.00,02/01/2025,08/01/2056,10/10/2018,08/07/2018,12/03/2018,06/30/2019,01/14/2019 12:00:00 AM
06/30/2021,IDA63130,SOUTH ASIA,NP,Nepal,Ministry of Finance,Fully Disbursed,0.75,XDR,P154693,Nepal Energy Sector DPC,100000000.00,0.00,0.00,98729480.00,0.00,101561104.00,0.00,101561104.00,0.00,0.00,0.00,101561104.00,03/01/2025,09/01/2056,10/10/2018,09/18/2018,12/03/2018,03/31/2019,12/27/2018 12:00:00 AM
06/30/2021,IDA63170,SOUTH ASIA,NP,Nepal,Ministry of Finance,Disbursing,0.75,XDR,P161929,BIMP II,133000000.00,0.00,82051556.65,51686486.63,0.00,53030417.35,0.00,53030417.35,0.00,0.00,0.00,135081974.00,12/01/2024,06/01/2056,11/14/2018,09/26/2018,12/03/2018,07/15/2023,01/12/2021 12:00:00 AM
06/30/2021,IDA64400,SOUTH ASIA,NP,Nepal,Ministry of Finance,Fully Disbursed,0.75,XDR,P168869,Nepal Fiscal and PFM Management  DPC II,100000000.00,0.00,0.00,99140708.00,0.00,102987524.00,0.00,102987524.00,0.00,0.00,0.00,102987524.00,08/15/2025,02/15/2057,07/12/2019,06/13/2019,07/25/2019,06/30/2020,08/02/2019 12:00:00 AM
06/30/2021,IDA64870,SOUTH ASIA,NP,Nepal,Ministry of Finance,Disbursing,0.75,XDR,P160696,Nepal jobs project,120000000.00,0.00,121265567.13,1977341.31,0.00,1977120.87,0.00,1977120.87,0.00,0.00,0.00,123242688.00,02/15/2026,08/15/2057,11/27/2019,09/12/2019,04/14/2020,06/30/2024,07/01/2021 12:00:00 AM
06/30/2021,IDA65300,SOUTH ASIA,NP,Nepal,Ministry of Finance,Disbursing,0.75,XDR,P155969,Earthquake Housing Reconst Project,200000000.00,0.00,102687863.24,103523490.88,0.00,104143036.76,0.00,104143036.76,0.00,0.00,0.00,206830900.00,06/01/2026,12/01/2057,02/06/2020,01/14/2020,05/06/2020,06/30/2023,06/15/2021 12:00:00 AM
06/30/2021,IDA65430,SOUTH ASIA,NP,Nepal,Ministry of Finance,Disbursing,0.75,XDR,P166788,Nepal DPF with Cat DDO,50000000.00,0.00,25818202.00,25522448.00,0.00,25818202.00,0.00,25818202.00,0.00,0.00,0.00,51636404.00,03/15/2026,09/15/2057,03/27/2020,03/10/2020,04/17/2020,05/31/2023,10/02/2020 12:00:00 AM
06/30/2021,IDA66040,SOUTH ASIA,NP,Nepal,Ministry of Finance,Disbursing,0.75,XDR,P173760,Nepal COVID-19,29000000.00,0.00,7236961.88,22552423.12,0.00,23003142.12,0.00,23003142.12,0.00,0.00,0.00,30240104.00,10/01/2026,04/01/2058,04/07/2020,04/03/2020,04/07/2020,07/15/2024,06/30/2021 12:00:00 AM
06/30/2021,IDA66390,SOUTH ASIA,NP,Nepal,Ministry of Finance,Disbursing,0.75,XDR,P170248,Second Energy Sector DPC,100000000.00,0.00,0.00,101213373.00,0.00,104556586.00,0.00,104556586.00,0.00,0.00,0.00,104556586.00,10/01/2026,04/01/2058,06/24/2020,06/02/2020,06/30/2020,06/30/2021,07/06/2020 12:00:00 AM
06/30/2021,IDA66730,SOUTH ASIA,NP,Nepal,Ministry of Finance,Effective,0.75,XDR,P170409,Strategic Road and Trade Improvement,300000000.00,0.00,313241832.00,0.00,0.00,0.00,0.00,0.00,0.00,0.00,0.00,313241832.00,09/01/2026,03/01/2058,07/17/2020,06/10/2020,07/24/2020,07/15/2027,
06/30/2021,IDA66740,SOUTH ASIA,NP,Nepal,Ministry of Finance,Disbursing,0,EUR,P170409,Strategic Road and Trade Improvement,150000000.00,0.00,163658029.50,399613.50,0.00,410170.50,0.00,410170.50,0.00,0.00,0.00,164068200.00,09/01/2026,03/01/2050,07/17/2020,06/10/2020,07/24/2020,07/15/2027,07/24/2020 12:00:00 AM
06/30/2021,IDA67150,SOUTH ASIA,NP,Nepal,Ministry of Finance,Disbursing,0.75,XDR,P173044,Finance for Growth (F4G),200000000.00,0.00,0.00,210705786.00,0.00,207972036.00,0.00,207972036.00,0.00,0.00,0.00,207972036.00,03/15/2027,09/15/2058,11/18/2020,09/17/2020,12/11/2020,06/30/2021,01/08/2021 12:00:00 AM
06/30/2021,IDA67780,SOUTH ASIA,NP,Nepal,Ministry of Finance,Disbursing,0.75,XDR,P163418,NUGIP,150000000.00,0.00,151472435.62,13531.45,0.00,13368.38,0.00,13368.38,0.00,0.00,0.00,151485804.00,02/01/2027,08/01/2058,11/18/2020,09/28/2020,12/01/2020,07/15/2025,05/24/2021 12:00:00 AM
06/30/2021,IDA67870,SOUTH ASIA,NP,Nepal,Ministry of Finance,Signed,0.75,XDR,P170215,REED,80000000.00,0.00,80450088.00,0.00,0.00,0.00,0.00,0.00,0.00,0.00,0.00,80450088.00,04/01/2027,10/01/2058,12/21/2020,10/28/2020,03/22/2021,07/15/2025,
06/30/2021,IDA68470,SOUTH ASIA,NP,Nepal,Ministry of Finance,Effective,0.75,XDR,P173760,Nepal COVID-19,75000000.00,0.00,74316482.00,0.00,0.00,0.00,0.00,0.00,0.00,0.00,0.00,74316482.00,04/01/2027,10/01/2058,04/02/2021,03/18/2021,04/06/2021,07/15/2024,
06/30/2021,IDA68840,SOUTH ASIA,NP,Nepal,Ministry of Finance,Approved,,XDR,P171516,NEHEP,60000000.00,0.00,59624356.00,0.00,0.00,0.00,0.00,0.00,0.00,0.00,0.00,59624356.00,08/15/2027,02/15/2059,,06/11/2021,,07/15/2026,
06/30/2021,IDA69020,SOUTH ASIA,NP,Nepal,Ministry of Finance,Disbursing,0.75,XDR,P173982,Nepal 3R DPC,150000000.00,0.00,0.00,149060890.00,0.00,149060890.00,0.00,149060890.00,0.00,0.00,0.00,149060890.00,10/15/2027,04/15/2059,06/27/2021,06/16/2021,06/29/2021,05/31/2022,06/30/2021 12:00:00 AM
06/30/2021,IDAH0390,SOUTH ASIA,NP,Nepal,Ministry of Finance,Fully Disbursed,,XDR,P043311,NP: POWER DEVELOPMENT PROJECT,25200000.00,2453255.61,0.00,25416067.97,0.00,0.00,0.00,0.00,0.00,0.00,0.00,0.00,,,07/09/2003,05/22/2003,03/25/2004,12/31/2013,06/11/2014 12:00:00 AM
06/30/2021,IDAH0740,SOUTH ASIA,NP,Nepal,Ministry of Finance,Fully Disbursed,,XDR,P084219,NP: Fin Sector Restructuring (Phase II),7000000.00,6592615.74,0.00,426928.11,0.00,0.00,0.00,0.00,0.00,0.00,0.00,0.00,,,06/10/2004,03/09/2004,07/15/2004,09/30/2009,03/05/2009 12:00:00 AM
06/30/2021,IDAH0910,SOUTH ASIA,NP,Nepal,Ministry of Finance,Fully Disbursed,,XDR,P081968,Poverty Alleviation Fund,15000000.00,6.91,0.00,15130567.87,0.00,0.00,0.00,0.00,0.00,0.00,0.00,0.00,,,09/14/2004,06/01/2004,12/13/2004,02/01/2009,06/23/2009 12:00:00 AM
06/30/2021,IDAH1250,SOUTH ASIA,NP,Nepal,Ministry of Finance,Fully Disbursed,,XDR,P040613,Nepal Health Sector Program Project,40000000.00,0.00,0.00,41137037.26,0.00,0.00,0.00,0.00,0.00,0.00,0.00,0.00,,,11/29/2004,09/09/2004,02/25/2005,07/15/2010,09/10/2009 12:00:00 AM
06/30/2021,IDAH1710,SOUTH ASIA,NP,Nepal,MINISTRY OF FINANCE,Fully Disbursed,,XDR,P083923,NP: Rural Access Improve. & Decentraliza,32000000.00,0.00,0.00,32732637.84,0.00,0.00,0.00,0.00,0.00,0.00,0.00,0.00,,,08/01/2005,06/21/2005,08/16/2005,12/31/2013,04/11/2012 12:00:00 AM
06/30/2021,IDAH1730,SOUTH ASIA,NP,Nepal,Ministry of Finance,Fully Disbursed,,XDR,P093294,NP Economic Reform TA,3000000.00,995430.00,0.00,1986214.63,0.00,0.00,0.00,0.00,0.00,0.00,0.00,0.00,,,08/01/2005,06/28/2005,11/28/2005,12/31/2009,11/29/2010 12:00:00 AM
06/30/2021,IDAH2580,SOUTH ASIA,NP,Nepal,Ministry of Finance,Fully Disbursed,,XDR,P081968,Poverty Alleviation Fund,25000000.00,23817.87,0.00,26407326.71,0.00,0.00,0.00,0.00,0.00,0.00,0.00,0.00,,,03/09/2007,11/14/2006,06/04/2007,02/01/2009,06/15/2009 12:00:00 AM
06/30/2021,IDAH2680,SOUTH ASIA,NP,Nepal,Ministry of Finance,Fully Disbursed,,XDR,P100342,NP: Avian Flu,18200000.00,2967440.60,0.00,15602985.07,0.00,0.00,0.00,0.00,0.00,0.00,0.00,0.00,,,03/09/2007,01/19/2007,03/27/2007,07/31/2011,06/08/2012 12:00:00 AM
06/30/2021,IDAH2740,SOUTH ASIA,NP,Nepal,Ministry of Finance,Fully Disbursed,,XDR,P090967,NP: Second Higher Education Project,60000000.00,114429.59,0.00,63926452.04,0.00,0.00,0.00,0.00,0.00,0.00,0.00,0.00,,,04/30/2007,02/22/2007,07/27/2007,06/30/2014,10/31/2014 12:00:00 AM
06/30/2021,IDAH3370,SOUTH ASIA,NP,Nepal,MINISTRY OF FINANCE,Fully Disbursed,,XDR,P105860,NP: PAF II,100000000.00,30469.47,0.00,99460998.55,0.00,0.00,0.00,0.00,0.00,0.00,0.00,0.00,,,01/31/2008,12/06/2007,03/19/2008,06/30/2014,11/24/2014 12:00:00 AM
06/30/2021,IDAH3380,SOUTH ASIA,NP,Nepal,MINISTRY OF FINANCE,Fully Disbursed,,XDR,P099296,NP: Irrig & Water Res Mgmt Proj,50000000.00,269379.35,0.00,48965788.97,0.00,0.00,0.00,0.00,0.00,0.00,0.00,0.00,,,01/31/2008,12/06/2007,04/24/2008,06/30/2016,12/02/2016 12:00:00 AM
06/30/2021,IDAH3390,SOUTH ASIA,NP,Nepal,MINISTRY OF FINANCE,Fully Disbursed,,XDR,P095977,NP: Road Sector Development Project,42600000.00,0.00,0.00,42787736.90,0.00,0.00,0.00,0.00,0.00,0.00,0.00,0.00,,,01/31/2008,12/06/2007,02/21/2008,12/31/2013,05/02/2014 12:00:00 AM
06/30/2021,IDAH3400,SOUTH ASIA,NP,Nepal,MINISTRY OF FINANCE,Fully Disbursed,,XDR,P074633,Education for All Project,60000000.00,329560.65,0.00,58466441.81,0.00,0.00,0.00,0.00,0.00,0.00,0.00,0.00,,,01/31/2008,12/06/2007,02/29/2008,01/31/2010,08/12/2012 12:00:00 AM
06/30/2021,IDAH3670,SOUTH ASIA,NP,Nepal,Ministry of Finance,Fully Disbursed,,XDR,P110762,NP: Peace Support Project,50000000.00,14768315.58,0.00,34140385.16,0.00,0.00,0.00,0.00,0.00,0.00,0.00,0.00,,,08/26/2008,05/06/2008,09/19/2008,06/30/2014,07/01/2015 12:00:00 AM
06/30/2021,IDAH3680,SOUTH ASIA,NP,Nepal,Ministry of Finance,Fully Disbursed,,XDR,P040613,Nepal Health Sector Program Project,50000000.00,979547.65,0.00,47296111.63,0.00,0.00,0.00,0.00,0.00,0.00,0.00,0.00,,,08/26/2008,05/06/2008,09/16/2008,07/15/2010,11/29/2010 12:00:00 AM
06/30/2021,IDAH3690,SOUTH ASIA,NP,Nepal,Ministry of Finance,Fully Disbursed,,XDR,P071285,NP: Rural Water Supply & Sanitation Proj,27000000.00,3814573.17,0.00,21767319.94,0.00,0.00,0.00,0.00,0.00,0.00,0.00,0.00,,,08/26/2008,05/06/2008,11/19/2008,08/31/2012,01/07/2013 12:00:00 AM
06/30/2021,IDAH4240,SOUTH ASIA,NP,Nepal,MINISTRY OF FINANCE,Fully Disbursed,,XDR,P113002,NP: Social Safety Nets Project,14000000.00,1709402.56,0.00,12082132.62,0.00,0.00,0.00,0.00,0.00,0.00,0.00,0.00,,,11/02/2008,09/29/2008,01/28/2009,09/30/2014,09/22/2011 12:00:00 AM
06/30/2021,IDAH4860,SOUTH ASIA,NP,Nepal,MINISTRY OF FINANCE,Fully Disbursed,,XDR,P087140,NP:Agriculture Commercialization & Trade,9290000.00,0.00,0.00,9648925.69,0.00,0.00,0.00,0.00,0.00,0.00,0.00,0.00,,,08/21/2009,06/04/2009,11/13/2009,12/31/2016,12/08/2015 12:00:00 AM
06/30/2021,IDAH5060,SOUTH ASIA,NP,Nepal,MINISTRY OF FINANCE,Fully Disbursed,,XDR,P043311,NP: POWER DEVELOPMENT PROJECT,15500000.00,3800778.34,0.00,12233568.39,0.00,0.00,0.00,0.00,0.00,0.00,0.00,0.00,,,08/21/2009,06/18/2009,11/19/2009,12/31/2013,01/03/2016 12:00:00 AM
06/30/2021,IDAH5180,SOUTH ASIA,NP,Nepal,MINISTRY OF FINANCE,Fully Disbursed,,XDR,P113441,NP: School Sector Reform Program,58500000.00,10509.39,0.00,58656417.91,0.00,0.00,0.00,0.00,0.00,0.00,0.00,0.00,,,11/27/2009,09/22/2009,12/23/2009,12/15/2014,05/01/2015 12:00:00 AM
06/30/2021,IDAH5250,SOUTH ASIA,NP,Nepal,MINISTRY OF FINANCE,Fully Disbursed,,XDR,P083923,NP: Rural Access Improve. & Decentraliza,20250000.00,3028003.94,0.00,16580792.71,0.00,0.00,0.00,0.00,0.00,0.00,0.00,0.00,,,05/17/2010,12/17/2009,07/14/2010,12/31/2013,05/12/2014 12:00:00 AM
06/30/2021,IDAH5570,SOUTH ASIA,NP,Nepal,MINISTRY OF FINANCE,Fully Disbursed,,XDR,P117417,NP: Second HNP and HIV/AIDS Project,59500610.00,213613.24,0.00,59040048.17,0.00,0.00,0.00,0.00,0.00,0.00,0.00,0.00,,,08/18/2010,04/20/2010,10/04/2010,01/15/2016,12/13/2016 12:00:00 AM
06/30/2021,IDAH5790,SOUTH ASIA,NP,Nepal,Ministry of Finance,Fully Disbursed,,XDR,P113002,NP: Social Safety Nets Project,24474000.00,1205202.94,0.00,24050000.00,0.00,0.00,0.00,0.00,0.00,0.00,0.00,0.00,,,08/18/2010,05/26/2010,10/06/2010,09/30/2014,09/21/2011 12:00:00 AM
06/30/2021,IDAH6290,SOUTH ASIA,NP,Nepal,Ministry of Finance,Fully Disbursed,,XDR,P095977,NP: Road Sector Development Project,6240000.00,250190.63,0.00,6209359.88,0.00,0.00,0.00,0.00,0.00,0.00,0.00,0.00,,,07/08/2011,06/02/2011,07/08/2011,06/30/2015,11/17/2015 12:00:00 AM
06/30/2021,IDAH6600,SOUTH ASIA,NP,Nepal,Ministry of Finance,Disbursing,,XDR,P115767,NP-IN Electricity Transmission & Trade P,15000000.00,0.00,6098630.68,7749075.10,0.00,0.00,0.00,0.00,0.00,0.00,0.00,6098630.68,,,07/15/2011,06/21/2011,09/29/2011,10/31/2021,06/18/2021 12:00:00 AM
06/30/2021,IDAH6610,SOUTH ASIA,NP,Nepal,Ministry of Finance,Fully Disbursed,,XDR,P120265,NP: Emerging Towns Project,11250000.00,3298780.08,0.00,7511931.11,0.00,0.00,0.00,0.00,0.00,0.00,0.00,0.00,,,06/30/2011,05/10/2011,10/02/2011,01/31/2017,06/29/2017 12:00:00 AM
06/30/2021,IDAH6660,SOUTH ASIA,NP,Nepal,Ministry of Finance,Fully Disbursed,,XDR,P121210,REG: Wildlife Protection: BD and NP,3000000.00,1052.72,0.00,2924980.00,0.00,0.00,0.00,0.00,0.00,0.00,0.00,0.00,,,06/27/2011,04/07/2011,07/20/2011,12/31/2016,05/09/2017 12:00:00 AM
06/30/2021,IDAH6720,SOUTH ASIA,NP,Nepal,Ministry of Finance,Fully Disbursed,,XDR,P105860,NP: PAF II,65000000.00,1411.96,0.00,63431353.17,0.00,0.00,0.00,0.00,0.00,0.00,0.00,0.00,,,07/13/2011,06/02/2011,10/11/2011,12/31/2014,06/05/2015 12:00:00 AM
06/30/2021,IDAH6730,SOUTH ASIA,NP,Nepal,Ministry of Finance,Fully Disbursed,,XDR,P104015,NP: Enhanced Vocational Educ & Trng,20250000.00,4252506.47,0.00,15611070.07,0.00,0.00,0.00,0.00,0.00,0.00,0.00,0.00,,,06/30/2011,04/21/2011,08/23/2011,06/30/2017,11/01/2017 12:00:00 AM
06/30/2021,IDAH6760,SOUTH ASIA,NP,Nepal,Ministry of Finance,Fully Disbursed,,XDR,P112893,NP: Kabeli Transmission Project,10600000.00,4120780.91,0.00,6176755.40,0.00,0.00,0.00,0.00,0.00,0.00,0.00,0.00,,,06/27/2011,05/10/2011,09/21/2011,12/31/2016,06/28/2017 12:00:00 AM
06/30/2021,IDAH7160,SOUTH ASIA,NP,Nepal,Ministry of Finance,Fully Disbursed,,XDR,P118179,NP: Rani Jamara Kulariya Irrigation Proj,19400000.00,4223979.33,0.00,14378995.62,0.00,0.00,0.00,0.00,0.00,0.00,0.00,0.00,,,10/18/2011,07/05/2011,11/30/2011,09/30/2017,02/09/2018 12:00:00 AM
06/30/2021,IDAH7860,SOUTH ASIA,NP,Nepal,Ministry of Finance,Fully Disbursed,,XDR,P125359,NP:Community Actionfor Nutrition Project,18000000.00,615167.05,0.00,15803578.60,0.00,0.00,0.00,0.00,0.00,0.00,0.00,0.00,,,07/13/2012,06/26/2012,08/24/2012,06/30/2017,11/07/2017 12:00:00 AM
06/30/2021,IDAH8130,SOUTH ASIA,NP,Nepal,Ministry of Finance,Fully Disbursed,,XDR,P087140,NP:Agriculture Commercialization & Trade,18000000.00,6801.86,0.00,17226970.73,0.00,0.00,0.00,0.00,0.00,0.00,0.00,0.00,,,02/13/2013,11/15/2012,03/18/2013,06/30/2018,10/11/2018 12:00:00 AM
06/30/2021,IDAH8460,SOUTH ASIA,NP,Nepal,Ministry of Finance,Fully Disbursed,,XDR,P113441,NP: School Sector Reform Program,45000000.00,24441.03,0.00,45501739.05,0.00,0.00,0.00,0.00,0.00,0.00,0.00,0.00,,,07/08/2013,05/15/2013,09/03/2013,07/15/2016,07/10/2019 12:00:00 AM
06/30/2021,IDAH8570,SOUTH ASIA,NP,Nepal,Ministry of Finance,Fully Disbursed,,XDR,P105860,NP: PAF II,80000000.00,3138625.18,0.00,71462661.20,0.00,0.00,0.00,0.00,0.00,0.00,0.00,0.00,,,07/08/2013,06/05/2013,10/04/2013,12/31/2018,07/05/2019 12:00:00 AM
06/30/2021,IDAH8580,SOUTH ASIA,NP,Nepal,Ministry of Finance,Disbursing,,XDR,P115767,NP-IN Electricity Transmission & Trade P,2000000.00,0.00,1452801.72,581428.99,0.00,0.00,0.00,0.00,0.00,0.00,0.00,1452801.72,,,09/11/2013,06/24/2013,12/31/2013,10/31/2021,10/21/2019 12:00:00 AM
06/30/2021,IDAH8630,SOUTH ASIA,NP,Nepal,Ministry of Finance,Disbursing,,XDR,P144335,NIRTTP,30000000.00,0.00,19754014.74,8704891.84,0.00,0.00,0.00,0.00,0.00,0.00,0.00,19754014.74,,,07/11/2013,06/28/2013,09/10/2013,11/30/2021,06/17/2021 12:00:00 AM
06/30/2021,IDAH8990,SOUTH ASIA,NP,Nepal,Ministry of Finance,Fully Disbursed,,XDR,P132750,SNRTP,72000000.00,582027.57,0.00,66006256.86,0.00,0.00,0.00,0.00,0.00,0.00,0.00,0.00,,,03/24/2014,12/23/2013,04/02/2014,01/15/2020,08/03/2020 12:00:00 AM
06/30/2021,IDAH9000,SOUTH ASIA,NP,Nepal,Ministry of Finance,Fully Disbursed,,XDR,P122406,Kabeli-A Hydro Electric Project,6000000.00,2595857.55,0.00,3129286.66,0.00,0.00,0.00,0.00,0.00,0.00,0.00,0.00,,,11/24/2014,07/01/2014,06/20/2016,12/30/2019,07/06/2020 12:00:00 AM
06/30/2021,IDAH9020,SOUTH ASIA,NP,Nepal,Ministry of Finance,Fully Disbursed,,XDR,P099296,NP: Irrig & Water Res Mgmt Proj,20000000.00,3481102.29,0.00,15179982.35,0.00,0.00,0.00,0.00,0.00,0.00,0.00,0.00,,,03/24/2014,12/23/2013,04/10/2014,06/30/2018,01/16/2019 12:00:00 AM
06/30/2021,IDAH9450,SOUTH ASIA,NP,Nepal,Ministry of Finance,Disbursing,,XDR,P143036,NP Rural Water Supply & Sanitation Impr,22000000.00,400127.69,678057.74,18853799.57,0.00,0.00,0.00,0.00,0.00,0.00,0.00,678057.74,,,07/11/2014,05/29/2014,11/10/2014,07/15/2021,04/16/2021 12:00:00 AM
